{
  "temperature_modifier": "none",
  "carvers": [],
  "downfall": 0.5,
  "effects": {
    "fog_color": 14211288,
    "grass_color": 12632256,
    "foliage_color": 16777215,
    "mood_sound": {
      "block_search_extent": 8,
      "offset": 2,
      "sound": "minecraft:ambient.cave",
      "tick_delay": 6000
    },
    "music_volume": 1,
    "sky_color": 16645887,
    "water_color": 16777215,
    "water_fog_color": 12632256
  },
  "features": [
    [],
    [],
    [],
    [],
    [],
    [],
    [],
    [],
    [],
    [],
    [
      "minecraft:void_start_platform"
    ]
  ],
  "has_precipitation": true,
  "spawn_costs": {},
  "spawners": {
    "ambient": [],
    "axolotls": [],
    "creature": [],
    "misc": [],
    "monster": [],
    "underground_water_creature": [],
    "water_ambient": [],
    "water_creature": []
  },
  "temperature": -0.5
}